[
  {
    "fruitType": "A-APPLE",
    "varieties": [
      "A018R06T113 (X22)", "A022R20T223 (X25)", "A080R09T092 (X21)", "A101R08T016 (X27)", "A121R09T105 (X23)",
      "A121R21T271 (X28)", "A151R05T126 (X36)", "A180R20T096 (X30)", "A268R20T093 (X46)", "A330R19T037 (X47)",
      "A403R07T021 (A40)", "A424R03T003 (A42)", "A539R30T075 (A53)", "A569R05T133 (133)", "A596S29R03T070 (A59)",
      "A600R06T047 (A60)", "A600S29R02T005 (A61)", "AA0637-0013 (AA0)", "AA0637-0124 (AA1)", "AKIBAE (AKI)",
      "ALGOS (ALG)", "ALVINA GALA EARLY 2 (AL3)", "ANABP01 / SOLUNA™ (ANA)", "ATINA (ATI)", "BAIGENT (BGT)",
      "BAY 4029 (B01)", "BAY 4069 (B02)", "BAY 4146 (B03)", "BAY 4210 (B04)", "BINGO GALA", "BUTT GALA (BUT)",
      "CHIYUKI (CHY)", "CORTINA PINK (CRC)", "CORTINA RED A (CRA)", "CORTINA RED B (CRB)", "CR BRISSET (ACR)",
      "CRIMSON SNOW® / MC38 (MC3)", "CRIPPS RED {JOYA®} (CIR)", "CRISP SWEET (CRI)", "DAS10/PREMIER H/CRIS (DAS)",
      "EARLY PANORAMA GOLDE (PNE)", "FEM 1 (FE1)", "FEM 8 (FE8)", "FUJI FUBRAX (FUB)", "FUJI SUPREME (FUS)",
      "FUJI VW (FVW)", "GALA SCHNICO (GAS)", "GALA0502 (GAA)", "GALAFAB (GAF)", "GOLDEN JOY (GOJ)", "GROFN FUJI (GRO)",
      "HFF 63 (HFF)", "INOLOV / MANDY® (X79)", "INORED - STORY® (INO)", "ISAAQ® / CIV323 (ISA)", "JUNE GOLD (JUN)",
      "KALEI (KAL)", "KOUTOKU (KOU)", "LADY IN RED (LIR)", "LOUTERWATER G SMITH (LGS)", "MARIRI RED",
      "MC 51 / CRIMSON SNOW (MC5)", "MN1942 (MN2)", "MN2033 (MN3)", "NAGANO 1  PETIT GOLD (NAG)", "NICK SELEK MECCA 100 (T23)",
      "NY1 / SNAPDRAGON® (NY1)", "NY2 / RUBYFROST® (NY2)", "ORIN (ORI)", "P08F214A079 (P00)", "P08F215A141 (P08)",
      "P09F011A086 (P09)", "P10F023A011 (P10)", "P11F005A125 (P12)", "P13F017A105 (P13)", "P15F032A003 (P15)",
      "PANORAMA GOLDEN (PNG)", "PE (PE)", "PINK CHIEF (CHI)", "PINOVA (PIN)", "PREMA019 - Joli™ (JOL)",
      "PREMA093 / SASSY (SAS)", "PREMA129 /  DAZZLE® (DAZ)", "PREMA153 / LEMONADE™ (LEM)", "PREMA17 / SMITTEN™ (SMI)",
      "PREMA280 / SWEETIE™ (SWE)", "PREMA34 / T34 / CHER (T34)", "PREMA96 / ROCKIT™ (ROC)", "PXA5232 (PXA)",
      "PXA5348 (PXB)", "PXA9870 (PXC)", "RAVE™ / MN1955 (MN1)", "RDS", "REDMOON® / RM 1 (RM1)", "REDMOON® / RS 1 (RS1)",
      "RIV71 (RIV)", "ROAT / I 13303 (ROA)", "ROSY GLOW (RSG)", "ROSY SIM (RSS)", "ROYAL BLUSH (BLU)",
      "RUBY MATILDA (RPK)", "SCIFRESH / JAZZ™ (JAZ)", "SCILATE / ENVY™ (ENV)", "SF 118.29 JAZZ® MUTA (SF1)",
      "SHINANO SWEET (SHI)", "SHUNME 21 (SHU)", "SQ159 / NATYRA (SQ1)", "TC3", "TC4", "TC5", "TC7", "TC8",
      "TOPAZ (TPZ)", "UEB 181 (181)", "UEB 32642 - OPAL® (OPA)", "UEB 406 (406)", "UEB 658 (UEB)", "UEB 658/1 (581)",
      "WA2 (WA2)", "WA38 / COSMIC CRISP (WA3)", "WESTERN DAWN (WES)", "X 3438 / Inogo Lory® (XX3)", "X 3460 (XY4)",
      "X 8543 (X85)", "X9053 (X90)", "X9317 (X93)", "XELEVEN / SWING® (X48)"
    ],
    "rootstocks": [
      "CG202", "CG213", "CG222", "CG228", "CG778", "CG778/M793", "CG778/MM109", "CG890", "CG969", "G11", "G202", "G210", "G213", "G222", "G41", "G778", "G778/M26", "G778/MM109", "G890", "G969", "M26", "M7", "M793", "M9 (NIC(R)29)", "M9 (NIC(R)29)/MM109", "M9(T337)", "M9/MM109", "MM109", "MM109/M9", "NIC/MM109" 
    ]
  },
  {
    "fruitType": "P-PEAR",
    "varieties": [
      "1-44-5 (P14)", "2-15-1 (P2-)", "2-15-104 (P21)", "ANP-0118 Lanya™ (AN8)", "ANP-0131 (ANP)", "CEPUNA - MIGO™ (P28)",
      "CONCORDE (CCD)", "CONFERENCE (CFN)", "DEBBY GREEN (DEB)", "DPP1 - CAPE FIRE™ (DPP)", "EARLY GIULIA (GIU)",
      "EDEN GOLD (TP 15-41) (EDE)", "EMPEROR (29-176) (EMP)", "FIRE RED (FIR)", "FORELLE (FRL)", "GLORY (2-11-374) (GLO)",
      "HAROVIN SUNDOWN (SUN)", "HARROW CRISP (CRI)", "HARROW SWEET (SWE)", "HW 620 (HW0)", "HW 623 (HW3)", "HW 624 (HW4)",
      "LAVA (2-15-24) (LAV)", "LOWRY 1 (LOW)", "LUCY RED (LUC)", "MOON & STAR 2-27-146 (MOO)", "MR. SELCUK (MRS)",
      "P04F013A082 (P04)", "P05F001A036 (P05)", "P133R076T058 (ZZ6)", "P144R100T001 (ZZ2)", "P191R131T039 (P39)",
      "P202R137T086 (Z14)", "P203R133T151 (P20)", "P265R225T001 (P01)", "P265R225T001 (P02)", "P265R237T006 (P26)",
      "P265R237T018 (P18)", "P266R234T058 (T58)", "P267R223T080 (T80)", "P275R199T010 (P27)", "P284R199T128 (PPP)",
      "P3123 (Z20)", "P3295 (P33)", "P3333 (Z18)", "P3459 (Z19)", "P377R221T100 (P37)",
      "PREMP009/PIQA® BOO® (Z17)", "RX2238 (RX2)", "RX3517 (RX3)", "RX6518 (RX6)", "SULTAN (2-15-93) (SUL)"
    ],
    "rootstocks": [
      "BA29", "BM2000", "BP1", "CALERYANA", "FOX 9", "OHXF40", "RHENUS/PYRODWARF","SUPPORTER 4"
    ]
  },
  {
    "fruitType": "S-PEACH",
    "varieties": [],
    "rootstocks": ["CADAMAN","VIKING","FLORDAGUARD","ATLAS"]
  },
  {
    "fruitType": "N-NECTARINE",
    "varieties": [],
    "rootstocks": ["CADAMAN","VIKING","FLORDAGUARD","ATLAS"]
  },
  {
    "fruitType": "X-INTERSPECIFIC PLUMS",
    "varieties": [],
    "rootstocks": ["GAURDIAN","VIKING","MARIANNA","CITATION","CADAMAN"]
  },
  {
    "fruitType": "D-ALMONDS",
    "varieties": ["Lauranne","Mandaline"
],
    "rootstocks": ["CADAMAN","VIKING"]
  },
  {
    "fruitType": "K-APRICOTS",
    "varieties": [],
    "rootstocks": ["SEEDLING","CITATION","GF677","MONTCLAR"]
  },
  {
    "fruitType": "T-TABLE GRAPES",
    "varieties": ["RALLI SEEDLESS","ARRATHIRTEEN","ARRAFOURTEENONE","ARRATHIRTY","ARRATWENTYNINE","ARRATHIRTYTHREE","ARRATHIRTYFOUR",
    "ARRATHIRTYTWO","ARD 43","ARD 40","ARD 36","ARD 35","ARD 41","ARD 38","ARRANINETEEN","ARD 39","ARD 42","ARD 44","ARD 46","ARRAFIFTEEN","ARD 45","GRAPEAS"
],
    "rootstocks": ["Bounty"]
  },
  {
    "fruitType": "R-PLUMS",
    "varieties": [],
    "rootstocks": ["GAURDIAN","VIKING","MARIANNA","CITATION","CADAMAN"]
  },
  {
    "fruitType": "C-CHERRIES",
    "varieties": ["12Q818","13B129","14C180","14C225","14C284","15C303","16C199 - Early Glen","16C501","16C594","16C99 - Arvin Glen","2B300 - El Capitan","40P872 - Glen Heart",
    "ART 1016 - Kamala","MARYSA"
],
    "rootstocks": ["MXM 60","MXM 14","WEIGI 2","WEIGI 3"]
  }
]